layer,head,correct_current_attention,failure_current_attention,correct_stale_attention,failure_stale_attention,correct_identity_attention,failure_identity_attention,failure_minus_correct_stale_ratio,length_controlled_delta,length_controlled_ci_low,length_controlled_ci_high,shuffle95_low,shuffle95_high
0,0,0.01058750506490469,0.00781832356005907,0.004243078175932169,0.004111660178750753,0.0010876613669097424,0.0008863058756105602,0.0592254102230072,0.05922539046847484,0.01947967443970681,0.10236957031400105,-0.042892484119249154,0.04336080503187118
0,1,0.005324259866029024,0.005183614324778318,0.010352082550525665,0.012138462625443935,0.051075007766485214,0.051256366074085236,0.024342596530914307,0.02434251950660222,-0.009310878159576227,0.056087798847078214,-0.0336824147677882,0.03583006129321924
0,2,0.002005706774070859,0.001438361476175487,0.002931018592789769,0.003690382232889533,0.0032308597583323717,0.0036077641416341066,0.09014391899108887,0.09014384810563544,0.04046970327014861,0.13881660132849594,-0.052334389036252794,0.050995686809110916
0,3,0.008256291039288044,0.008435227908194065,0.014634988270699978,0.014017242006957531,0.04693598300218582,0.047273896634578705,-0.012006163597106934,-0.01200615793046817,-0.03608866888470082,0.013582847234000226,-0.02485290963166419,0.026007959904687787
0,4,0.05255820229649544,0.054296933114528656,0.04244731366634369,0.042356573045253754,0.05732130631804466,0.05326060950756073,-0.006842941045761108,-0.006842882280618372,-0.013709485321780023,1.937314065622763e-05,-0.006941725783903139,0.0069011432214005205
0,5,0.004163340199738741,0.003808591514825821,0.013901963829994202,0.014815811067819595,0.054578930139541626,0.04969688504934311,0.024106144905090332,0.024106122658286298,0.0070554649528969445,0.042092636723281986,-0.018457219097938207,0.01735304366371868
0,6,0.002522027585655451,0.0017578687984496355,0.0028987687546759844,0.0032036122865974903,0.009909271262586117,0.010302056558430195,0.10231578350067139,0.10231581088942542,0.07417817759863055,0.13141151389848593,-0.029639972982427213,0.030655194584469917
0,7,9.469970336795086e-07,7.15978387688665e-07,1.601671101525426e-05,1.448379953217227e-05,1.418218198523391e-05,1.1263418855378404e-05,0.013652920722961426,0.013652835933255478,0.003217214940501852,0.02427332029134368,-0.01066027660504865,0.011272211132979484
0,8,0.0013917924370616674,0.0012936921557411551,0.00037215938209556043,0.0003439524443820119,0.0013583514373749495,0.0007762738969177008,0.006360545754432678,0.006360581544765704,-0.026293948662046845,0.041298894830195026,-0.03386403639815629,0.03500136613790735
0,9,0.014686082489788532,0.012947465293109417,0.027202120050787926,0.026054026558995247,0.05337654799222946,0.04635123163461685,0.03032630681991577,0.030326297795268853,-0.00449526303702097,0.06508488309289298,-0.032274009692098475,0.03355063579912994
0,10,0.010075475089251995,0.008175740949809551,0.021191822364926338,0.02398836798965931,0.10038435459136963,0.11889496445655823,0.05845940113067627,0.05845931634097032,0.02587042073588554,0.09103174760622283,-0.03299974879825218,0.033348168078687866
0,11,0.0018536390271037817,0.0014423466054722667,0.006801548879593611,0.006963812280446291,0.1217489093542099,0.1332056075334549,0.05074596405029297,0.05074601735867245,0.034192875467687456,0.06703981558560478,-0.018132583289479164,0.017505597972529357
1,0,0.001508413697592914,0.0014437140198424459,0.00011042840196751058,0.0001084333925973624,0.002714121714234352,0.0025929007679224014,0.006652235984802246,0.00665223302031067,-0.0013951656215457468,0.014603372264397082,-0.008128570195469186,0.008220353051821389
1,1,0.0014125796733424067,0.0016654260689392686,0.00018210209964308888,0.0001650285121286288,0.0005277250311337411,0.00051855732453987,-0.028864920139312744,-0.028864903847726296,-0.03926778291124661,-0.018629704389708537,-0.010398856287231936,0.010227830879116941
1,2,0.01553116925060749,0.014560091309249401,0.0012246125843375921,0.0011624920880421996,0.004675747361034155,0.004624612163752317,0.00012437254190444946,0.00012436401571186493,-0.0033586240094662678,0.0035320860079698846,-0.0035506776397647224,0.003670574990236272
1,3,0.003960377536714077,0.0043680137023329735,0.00508189108222723,0.004936463199555874,0.024293329566717148,0.021910574287176132,-0.03786802291870117,-0.03786801777675118,-0.07340530399840237,-0.0017404933888834097,-0.03346528724123454,0.03403641548874669
1,4,0.0047193244099617004,0.004927361849695444,0.014094213023781776,0.01459859125316143,0.09961194545030594,0.07572852820158005,-0.0013055801391601562,-0.001305583916919332,-0.016296764296447518,0.013369017544649931,-0.01464546235273093,0.0140649933866679
1,5,0.06548139452934265,0.07018865644931793,0.10455676913261414,0.09479665011167526,0.04702645167708397,0.041447773575782776,-0.04386031627655029,-0.043860358461527756,-0.06436060463374502,-0.023598611759959597,-0.020046127793249883,0.019890806342474046
1,6,9.649389539845288e-06,1.2234837413416244e-05,7.29555104044266e-05,6.911924720043316e-05,0.00034960536868311465,0.0003314767382107675,-0.02632451057434082,-0.026324433759904245,-0.05761972367872862,0.005043240753966387,-0.029420441696744508,0.02904505578051505
1,7,0.0006115244468674064,0.0005401462549343705,0.004369649104773998,0.00490954052656889,0.0044708228670060635,0.004171784035861492,0.004530370235443115,0.004530376767818357,-0.011312370502399902,0.02126152913596049,-0.015467558926009446,0.015855612524525827
1,8,0.0011059941025450826,0.0009731483296491206,0.003877573413774371,0.004260512534528971,0.05023621767759323,0.04566776752471924,0.033601224422454834,0.03360118874361817,0.012847937249276404,0.05495471353540014,-0.02097306110124584,0.020242107277974934
1,9,0.15463866293430328,0.14742779731750488,0.1154099851846695,0.11342804878950119,0.13252916932106018,0.1354541778564453,0.006791234016418457,0.006791178399408368,-0.009741518583693267,0.022647104005230824,-0.016662820425770095,0.017221043699887976
1,10,1.40914539770165e-06,1.2705207836916088e-06,5.494115157489432e-06,5.240596237854334e-06,1.553650349706004e-06,1.4604851230615168e-06,0.010821104049682617,0.01082111391383158,-0.029303627164124515,0.05037617312049044,-0.04313654264482081,0.04090512713521735
1,11,0.002037932863458991,0.0021185732912272215,0.0002629377122502774,0.00026024263934232295,0.018396267667412758,0.019790062680840492,-0.007294371724128723,-0.007294392291928681,-0.01657852208625751,0.0014696685390091916,-0.008975647978043308,0.009182028441298154
2,0,0.00595293752849102,0.005679192021489143,0.003921156283468008,0.003835552604869008,0.03027467243373394,0.029507147148251534,0.019316017627716064,0.019316022874603808,-0.021345673049630046,0.05801133857978407,-0.037655449946176596,0.038046054751291636
2,1,0.00911891832947731,0.008809400722384453,0.0011920601828023791,0.001044242992065847,0.009250570088624954,0.006684558466076851,-0.008934468030929565,-0.008934478636201419,-0.02292207567624066,0.006072812301211928,-0.013957728040046575,0.013996655826973087
2,2,0.003952168393880129,0.002677446696907282,0.003701545298099518,0.004454056732356548,0.025322094559669495,0.021122589707374573,0.1262614130973816,0.12626142747385402,0.09164157540555443,0.15857976955941977,-0.03680100308480964,0.037428193843271965
2,3,0.011525122448801994,0.012175803072750568,0.01850408874452114,0.017951663583517075,0.07660624384880066,0.0695221871137619,-0.016248464584350586,-0.01624856091720957,-0.03700600066062325,0.0032556215294479414,-0.02046095887287115,0.020484945742095292
2,4,0.011477061547338963,0.009302511811256409,0.052145231515169144,0.05842898041009903,0.05829865485429764,0.05656983703374863,0.04104429483413696,0.04104432421670833,0.02716879942138206,0.054982877236232214,-0.014833163162264617,0.01559473491489099
2,5,0.00024784664856269956,0.00025438537704758346,0.0006360127008520067,0.0005629448569379747,0.00955706462264061,0.0072492510080337524,-0.023170769214630127,-0.023170772152887268,-0.0456547177283442,-0.0003901750512487259,-0.024451189773170606,0.02288290337961654
2,6,0.002392631722614169,0.002493601758033037,5.662228795699775e-05,6.098409721744247e-05,0.011216502636671066,0.010188634507358074,0.0014180205762386322,0.0014180210730533153,-0.0022705673487261463,0.005064930088224157,-0.0037051605655717577,0.004012898189800983
2,7,0.0009663392556831241,0.0009641367942094803,0.00532121816650033,0.005079895723611116,0.011408738791942596,0.012320229783654213,-0.008555889129638672,-0.008555931524491646,-0.02097496924126888,0.003958571731930743,-0.012556049399771113,0.012053694878055552
2,8,0.030967114493250847,0.03443366661667824,0.007161020301282406,0.006733620539307594,0.013896164484322071,0.012621602974832058,-0.022272661328315735,-0.022272656553647886,-0.02887823652651585,-0.015983669642710713,-0.007156412300490884,0.007004451703003707
2,9,0.007631109561771154,0.005970371421426535,0.0007849662797525525,0.0008056696387939155,0.0016374201513826847,0.0009402818395756185,0.02865070104598999,0.02865070903437658,0.015342260521046558,0.042440887804765605,-0.014606551124761084,0.013960990356735377
2,10,0.011928762309253216,0.013169161975383759,0.08358024805784225,0.08158744126558304,0.04060879349708557,0.038031287491321564,-0.010015487670898438,-0.010015451992061776,-0.020690528452854906,-0.0004948397634194198,-0.010238635799837045,0.00995397488947584
2,11,9.77878225967288e-05,8.746024104766548e-05,2.6010644432972185e-05,2.446861981297843e-05,0.00976832676678896,0.008327699266374111,0.010419666767120361,0.010419628753418654,-0.013191945323484531,0.03641471599551512,-0.024652503282945857,0.02299612431148372
3,0,0.003486873582005501,0.0033157654106616974,0.0052891140803694725,0.005340936128050089,0.00019618423539213836,0.00018222889048047364,0.0034690499305725098,0.0034690215317925936,-0.012208643099098025,0.019874767180539994,-0.015419304762701537,0.015523774708224095
3,1,0.0047784424386918545,0.003982506226748228,0.0005548780900426209,0.0005147602059878409,0.0011808257550001144,0.0010534657631069422,0.009333476424217224,0.009333473472842867,-0.0008402717311721693,0.020337387107676394,-0.010680153944064215,0.010274378092109933
3,2,8.906864968594164e-05,8.579644054407254e-05,8.357244041690137e-06,7.559886398667004e-06,1.804281737349811e-06,1.6790472727734596e-06,6.198883056640625e-06,6.279833567686196e-06,-0.016961263899336637,0.017555803242226824,-0.016154896141854176,0.016408056638341956
3,3,0.002332107862457633,0.0019166284473612905,0.001771839102730155,0.0016587082063779235,0.0034927574452012777,0.004507072269916534,0.054139405488967896,0.05413941568104734,0.00032531884018128664,0.10933269806885682,-0.05471326598105007,0.055928351337316426
3,4,0.01571815274655819,0.015545742586255074,0.002658794866874814,0.002595857484266162,0.0015306129353120923,0.0013483598595485091,0.0009320899844169617,0.0009320883119714931,-0.008395885281582272,0.01004583552465072,-0.009096263142315696,0.009294833010989788
3,5,0.008521473966538906,0.011235413141548634,0.03155382350087166,0.03346981853246689,0.04100996255874634,0.042879391461610794,-0.03919708728790283,-0.039197077423753876,-0.061131422011908576,-0.01759380048574058,-0.022318236220195995,0.02204496213433993
3,6,0.06609054654836655,0.06563810259103775,0.0855632945895195,0.07993977516889572,0.059894170612096786,0.06180354952812195,-0.01346290111541748,-0.013462906782056245,-0.03456213371188349,0.007917067341143967,-0.02140638060402198,0.022099902671924007
3,7,0.003268779721111059,0.0035272114910185337,0.010447250679135323,0.011373377405107021,0.05773662403225899,0.05584859848022461,-0.0004951953887939453,-0.0004952659069652289,-0.018536445775480494,0.017577448296873754,-0.018197610226503437,0.01790305981460023
3,8,0.15496110916137695,0.1551966369152069,0.016034554690122604,0.01604321040213108,0.020691579207777977,0.020648380741477013,-0.00047307461500167847,-0.0004730746543533366,-0.010544732662171888,0.009609827132714306,-0.009675773152277106,0.010040366124964846
3,9,0.002034055069088936,0.0014601555885747075,0.00021115425624884665,0.00022662858827970922,0.0026485794223845005,0.0021712344605475664,0.043759725987911224,0.04375973343849182,0.029459269005136946,0.05665417049856561,-0.013966499329704351,0.014356605049581656
3,10,0.0025733301881700754,0.0019036175217479467,0.002465941244736314,0.0024731317535042763,0.03272540867328644,0.030925216153264046,0.06681030988693237,0.0668101772456102,0.03344440701787801,0.100525459226171,-0.03359025967100251,0.03443905877832647
3,11,0.005118649452924728,0.006309258285909891,0.01220216229557991,0.01233877707272768,0.027304336428642273,0.022496359422802925,-0.0458187460899353,-0.04581875847259037,-0.07085608305706285,-0.02193618800219455,-0.025516682932779016,0.025553931739840358
4,0,0.0026684619951993227,0.0028745881281793118,0.00332428771071136,0.0034587497357279062,0.002833709353581071,0.0029882784001529217,-0.013293087482452393,-0.013293057050503477,-0.04735666065721056,0.020495034573112653,-0.03478345921729937,0.03549702390633531
4,1,0.0159723162651062,0.012440614402294159,0.06725297123193741,0.07122401893138885,0.039260756224393845,0.038243476301431656,0.03436225652694702,0.03436225023068173,0.017039606068838045,0.05103972968669072,-0.018048050845870047,0.017781602905212922
4,2,0.002339485567063093,0.0021171176340430975,0.0010349967051297426,0.0011151047656312585,0.003254516515880823,0.0036941480357199907,0.0288446843624115,0.028844672871727338,-0.0035170161853962335,0.06102045430504562,-0.03393653297780487,0.030887841405753225
4,3,0.00883446354418993,0.008547225967049599,0.0016803295584395528,0.0017819736385717988,0.013378329575061798,0.01399090513586998,0.008387282490730286,0.00838727172149319,-0.010781438869073708,0.0274655172617946,-0.02042380117449943,0.019236823016292336
4,4,0.00794695969671011,0.006579865235835314,0.0013866707449778914,0.0015282867243513465,0.012056986801326275,0.01084871869534254,0.03107382357120514,0.03107382383354953,0.0038056960197057513,0.057698600686192425,-0.02579846077082059,0.02615081437340675
4,5,0.0033123099710792303,0.0024576771538704634,0.000337612145813182,0.0004558413056656718,0.001062100869603455,0.0010714344680309296,0.07919203490018845,0.07919203395246935,0.05080773319677661,0.10823283709706058,-0.029920501539406074,0.031670131939942996
4,6,0.031064335256814957,0.013642789795994759,0.24502719938755035,0.2776937484741211,0.0001289082720177248,0.00017691681568976492,0.04971033334732056,0.04971041184076121,0.02735964590760446,0.07383165884197877,-0.02357651410810882,0.023285716089639384
4,7,0.023014843463897705,0.0231277234852314,0.0016311794752255082,0.0015533867990598083,0.003720611333847046,0.0034081137273460627,-0.0061741843819618225,-0.0061741750261051125,-0.014783541442371232,0.0029126959317616846,-0.009550000001637072,0.008813743518347662
4,8,0.10262732207775116,0.10409686714410782,0.3192373514175415,0.3313204348087311,0.01039248425513506,0.00984691921621561,-0.0006393790245056152,-0.0006393983330525144,-0.018569611800384314,0.016743364169622417,-0.01680540860709013,0.016944214437095168
4,9,0.022676698863506317,0.016584796831011772,0.032439056783914566,0.030810246244072914,0.06295385211706161,0.0713220089673996,0.05607205629348755,0.05607212471290373,0.027650549151206807,0.08321035639529906,-0.02887314240336156,0.02886171996378109
4,10,0.0006050077499821782,0.0002903889981098473,0.010065052658319473,0.017243342474102974,6.606453098356724e-05,5.7212469982914627e-05,0.03811854124069214,0.03811850230878508,0.010590357052680764,0.06571217879637059,-0.02735569446878997,0.0278059699448887
4,11,0.043197281658649445,0.03723401948809624,0.21721592545509338,0.20760978758335114,0.01924174651503563,0.016527699306607246,0.01242297887802124,0.012422975520013084,0.0012367455895787149,0.023989000552333745,-0.01125763963147675,0.011930895293045207
5,0,0.040328819304704666,0.04390038177371025,0.21578194200992584,0.21063509583473206,0.009580287151038647,0.009360043331980705,-0.00996541976928711,-0.00996529972049552,-0.024284392675924287,0.004159054391513898,-0.013548144368161921,0.013378723397413424
5,1,0.009143264964222908,0.009260538965463638,0.00067703309468925,0.0007543328683823347,0.0022367704659700394,0.0023995423689484596,0.006630271673202515,0.006630270410670151,-0.02218249464565977,0.03804422227064924,-0.03149318830831205,0.030712555345183558
5,2,0.0029271417297422886,0.003398280590772629,0.023455603048205376,0.02523830160498619,0.0008534686057828367,0.0008501234115101397,-0.011724591255187988,-0.011724569638010482,-0.028928780849866356,0.0061038762718255025,-0.01876030904965451,0.017673982068926695
5,3,0.028374947607517242,0.03726339340209961,0.1034117266535759,0.10290206223726273,0.013209004886448383,0.013310134410858154,-0.050621747970581055,-0.05062174629157698,-0.07337871210420631,-0.02603395200506833,-0.02553721040307349,0.024842632746239903
5,4,0.024920234456658363,0.024776417762041092,0.11957778036594391,0.12782688438892365,0.018243994563817978,0.020965928211808205,0.011949419975280762,0.011949524283409119,-0.010768129868368795,0.03629896219916167,-0.022509435603416218,0.022581813345541674
5,5,0.027337105944752693,0.026604866608977318,0.07081299275159836,0.07245020568370819,0.14934515953063965,0.15070891380310059,0.01215273141860962,0.012152791862756434,-0.011702002611520806,0.03423185219510165,-0.022845363232463032,0.022447031582864853
5,6,0.0005978859262540936,0.0015543460613116622,0.0009547958034090698,0.0030601813923567533,4.786184604199661e-07,4.7638980049669044e-07,0.06341785192489624,0.06341778629944778,0.0030002079708095876,0.12518482349501286,-0.06084617256750486,0.062466248843974594
5,7,0.025685766711831093,0.013094818219542503,0.0930328369140625,0.1172642782330513,0.0015690152067691088,0.0013700358103960752,0.10607987642288208,0.10607979110848735,0.07323370695711731,0.13962459552767206,-0.033931847175996815,0.03368535032053811
5,8,0.001346115255728364,0.0011503917630761862,0.00022091635037213564,0.00021789463062305003,0.014494202099740505,0.012119223363697529,0.013614296913146973,0.01361427624040926,-0.0039890536843199854,0.030281656484306453,-0.018561398281402977,0.01789365031919554
5,9,0.3445141613483429,0.3878690004348755,0.35348376631736755,0.32324230670928955,0.012581691145896912,0.011465457268059254,-0.04289105534553528,-0.042890993956948675,-0.07766293904160633,-0.009397507942962078,-0.03326594298774444,0.033306535313362376
5,10,0.0041816988959908485,0.0047286939807236195,0.02253957837820053,0.024224234744906425,0.003152318997308612,0.003840233664959669,0.012467145919799805,0.012467148018554901,-0.01327881549426852,0.03811050129869793,-0.026996138189799356,0.02734015354034106
5,11,0.07421582192182541,0.08671335130929947,0.055159490555524826,0.05614220350980759,0.03880606219172478,0.0377536341547966,-0.029857248067855835,-0.02985727440723231,-0.049020961497300314,-0.010017902808934602,-0.01996049325963534,0.01993547472652825
6,0,0.005127896089106798,0.0036357990466058254,0.011521952226758003,0.011337839998304844,0.0015685362741351128,0.0017443400574848056,0.05630546808242798,0.05630539966301179,0.019168284058781664,0.09102978208817782,-0.039105180954783804,0.03743888471804497
6,1,0.0004697386466432363,0.0005277809104882181,0.0004584808193612844,0.0005065725417807698,0.0012964369961991906,0.0015472689410671592,-0.008467674255371094,-0.008467689996034327,-0.03290591817564027,0.017293675529091505,-0.025169489207405363,0.027252150357970597
6,2,0.00012568726378958672,0.00022668548626825213,5.884307392989285e-05,6.740627577528358e-05,0.003049151971936226,0.002512316918000579,-0.022166132926940918,-0.0221661698387962,-0.06832998129573134,0.026079565682039722,-0.046189194570380315,0.04716239492736744
6,3,0.11869863420724869,0.14825211465358734,0.4335547685623169,0.43891051411628723,0.03469768166542053,0.031281013041734695,-0.03429293632507324,-0.03429289518947333,-0.05399273521870183,-0.014786202217727386,-0.019215767265914577,0.019816632367343573
6,4,0.0010308222845196724,0.0011690381215885282,0.00021328771254047751,0.00022212769545149058,0.00029043061658740044,0.0003685832198243588,0.006197690963745117,0.006197671143626663,-0.026124991381401882,0.04041024700158312,-0.032541823771309694,0.03330344357621798
6,5,0.012972375378012657,0.014427990652620792,0.0027661886997520924,0.002881726250052452,0.0022809139918535948,0.002470470732077956,-0.004123315215110779,-0.004123304983679677,-0.016793682565795054,0.008304667806023189,-0.01288470732703681,0.012645719610858768
6,6,0.03882892429828644,0.03663141652941704,0.17831413447856903,0.1797720193862915,0.005965945310890675,0.006638493854552507,0.00998002290725708,0.00998005816634272,-0.004018699547266492,0.02370822564665626,-0.014252461802630534,0.013225221115398015
6,7,0.016899334266781807,0.019550135359168053,0.07088314741849899,0.0746069997549057,0.007131489459425211,0.0075866905972361565,-0.01632058620452881,-0.016320607821706315,-0.03694872846484743,0.003070456386881551,-0.019936377746582284,0.02120341751270609
6,8,0.01967356540262699,0.02103854902088642,0.010413401760160923,0.010464359074831009,0.00968524906784296,0.00962915364652872,-0.012609809637069702,-0.012609823908604368,-0.033208773741745856,0.008165516565329118,-0.02149222809178858,0.022053763092666257
6,9,3.839914150538526e-11,2.154000242060583e-11,6.186646750450109e-10,4.215384430406033e-10,8.465853795769362e-08,4.435652556367131e-08,0.03190743923187256,0.03190744741701744,0.0015912935103414183,0.06269337785659397,-0.029425638066926697,0.029438462020476893
6,10,6.80616867612116e-05,7.156762876547873e-05,0.0005010163877159357,0.0005454626516439021,0.002413771813735366,0.002138107316568494,0.0012031793594360352,0.0012031948902237583,-0.005766088030003556,0.008340407872502573,-0.007153120390559545,0.006955022646567996
6,11,0.03824882209300995,0.03586839884519577,0.19307370483875275,0.19444569945335388,0.0006719933589920402,0.0007531015435233712,0.0014440417289733887,0.0014440303956958609,-0.017503440168504733,0.02044981508706119,-0.019309492496364888,0.018985918403053904
7,0,0.0023837434127926826,0.0019382238388061523,0.007936256937682629,0.007960401475429535,0.052283138036727905,0.054964978247880936,0.0375441312789917,0.037543982267379754,0.008968789270737545,0.06514568378508774,-0.028622375197558236,0.026944022487870766
7,1,4.662050741899293e-06,5.661707291437779e-06,4.277411790098995e-06,4.062341758981347e-06,1.4737377568962984e-05,1.7614140233490616e-05,-0.03824889659881592,-0.0382489001142307,-0.06955341620490214,-0.005684450787179481,-0.03158902108531922,0.03380358820140589
7,2,0.04797472059726715,0.05685050040483475,0.03159919008612633,0.03855730965733528,7.018755422905087e-05,0.00012081876047886908,-0.00011095404624938965,-0.00011094137501548714,-0.044695300238984714,0.04328742992433011,-0.04709408604541448,0.04332234721127102
7,3,0.057258155196905136,0.05235827714204788,0.15359701216220856,0.15515969693660736,0.00908931065350771,0.011101108975708485,0.017913639545440674,0.0179136099529938,-0.00798857686202554,0.042488568987290434,-0.02565298241251997,0.025959308424877526
7,4,2.9009281206526794e-05,3.450667645665817e-05,0.000251515069976449,0.0003747442096937448,0.0004639545804820955,0.0008550566271878779,0.013313353061676025,0.013313261451016009,-0.02993326571004734,0.057030794389282706,-0.046688698668806025,0.044864417754836065
7,5,3.787589321291307e-06,5.9668286667147186e-06,1.7376816686009988e-05,2.3281752874027006e-05,0.1763090342283249,0.17679361999034882,0.051151394844055176,0.05115148320164479,0.010376072429445516,0.09199494630989813,-0.0410883421492428,0.04014336803136509
7,6,1.0881042733501545e-09,1.8953896230300415e-09,1.034589858228685e-09,1.4270883363920461e-09,2.4016680981731042e-06,3.067823627134203e-06,-0.04456806182861328,-0.044567992056483846,-0.11957182710893509,0.025677694299190517,-0.07715964783195005,0.07488066437474176
7,7,0.00017901182582136244,0.00019520299974828959,0.00018952168466057628,0.00018122057372238487,1.097818156381436e-07,1.4713563700752275e-07,-0.00017547607421875,-0.00017546366041027746,-0.016620380084613064,0.015929920875110453,-0.016584278717871503,0.01667659323351397
7,8,0.09294561296701431,0.08942525833845139,0.2673775851726532,0.27512627840042114,0.1042398065328598,0.1072283610701561,0.011815071105957031,0.01181506271093664,-0.002434477387552464,0.026300702081976022,-0.014062600064065494,0.014037823940573266
7,9,0.17769689857959747,0.19226302206516266,0.5515191555023193,0.5682560205459595,1.732238888507709e-05,1.413424797647167e-05,-0.012453079223632812,-0.01245306245982647,-0.06407911299436392,0.04153024940731761,-0.0529219449020273,0.054940928932678525
7,10,0.0,0.0,2.308520468931366e-19,3.839348160387214e-22,1.3471703049088916e-32,7.887909055684395e-42,-2.304680890574673e-07,-2.3046809289351064e-07,-7.114867968875527e-07,3.116792943015979e-08,-2.640964145569321e-07,2.658226036019712e-07
7,11,0.10152743756771088,0.08792989701032639,0.29658782482147217,0.32818344235420227,0.0723588839173317,0.07113436609506607,0.04251331090927124,0.04251335708188339,0.018941433462368127,0.06536476037483109,-0.024803299953231463,0.02307905042983461
8,0,3.8488846598738746e-07,3.4895825251624046e-07,2.7616666557150893e-05,9.528585906082299e-06,5.7785320677794516e-05,4.1713221435202286e-05,0.03360438346862793,0.03360436266471802,-0.015459556911393463,0.08374040936128743,-0.048799306488273214,0.048217507825113956
8,1,0.3441433310508728,0.4533683955669403,0.600145697593689,0.5044040083885193,0.025695018470287323,0.009157110005617142,-0.10431289672851562,-0.10431288938117664,-0.1993291871885213,-0.0007814833111590108,-0.09636322923977748,0.0948322484608382
8,2,0.5192370414733887,0.10857418924570084,0.2858108878135681,0.6150000095367432,1.7550842506749986e-13,1.8023083026008635e-13,0.4461202025413513,0.4461201263027563,0.36400599484730933,0.533160552348036,-0.09316490813969686,0.10023912529178232
8,3,1.933671683218563e-06,1.317741407547146e-06,4.600477768690325e-05,1.9752671505557373e-05,6.593979970202909e-16,1.6082194229417326e-15,0.020830512046813965,0.020830541975389586,-0.030161625636537598,0.07419738365927017,-0.050986047112920686,0.05189962834693156
8,4,4.5360400518603015e-20,2.266196512732126e-20,7.646527727356132e-17,1.584893009077076e-16,3.8109387878477313e-14,1.0216234630456515e-14,8.202403114410117e-05,8.202403372646306e-05,-0.00019049631179453899,0.0004740677150032704,-0.00024029616042538324,0.00024027048720804762
8,5,1.548527961858781e-06,1.8869595805881545e-06,4.5072065404383466e-05,4.926931069348939e-05,0.00011676494614221156,0.0002251799451187253,0.015370011329650879,0.015369998527244785,-0.029523412483741882,0.06308364707216438,-0.04367391736536179,0.046639885239893694
8,6,2.6496638000014783e-13,7.07963147741214e-14,6.456499224150036e-11,1.0131245148370382e-10,6.183674905457792e-09,6.133975549715842e-09,0.0054521262645721436,0.005452124351861553,-0.08179193926955486,0.095352178802972,-0.09346199007883636,0.09145983658816452
8,7,6.237152774701826e-06,2.7025882332054607e-07,0.00032552939956076443,3.8574686186620966e-05,0.0029855333268642426,0.003118691733106971,0.0653456449508667,0.06534572106984309,0.027266394814788503,0.10445710627245512,-0.04037158547634339,0.03934256339975274
8,8,0.476578950881958,0.18202434480190277,0.44008758664131165,0.7064412236213684,2.125069897829235e-09,1.7130328267001005e-09,0.31697162985801697,0.31697160563406557,0.2254146250742041,0.4016478800374197,-0.09692043320143463,0.0937118438694775
8,9,0.003687754040583968,0.013960649259388447,0.0064170206896960735,0.010583345778286457,4.1724453581082344e-07,1.7097227100748569e-06,-0.07292842864990234,-0.07292844529565372,-0.12969846807512123,-0.013695211352026225,-0.057423929173431004,0.05666088692818416
8,10,0.7468370199203491,0.4043760895729065,0.2529239356517792,0.5950910449028015,0.00013664778089150786,0.00034611206501722336,0.342407763004303,0.34240773427431326,0.3024574181876094,0.3829982842290884,-0.05485579311889622,0.05726025021328901
8,11,0.3683459460735321,0.03280258923768997,0.3585590720176697,0.7109397649765015,2.7026606403524056e-05,0.00013285188470035791,0.4399338960647583,0.43993396231803994,0.3692049623268623,0.507663329931578,-0.08648363960361274,0.09125602028686693
9,0,6.79616505294689e-06,1.5385404594780994e-06,2.6387737307231873e-05,1.4326463315228466e-05,0.00014487259613815695,5.409702498582192e-05,-0.02576577663421631,-0.025765717892028705,-0.06987039193925271,0.01631073074813537,-0.04530001300440034,0.04464098360224942
9,1,3.399874782747392e-13,6.489737675204055e-13,1.6869382626905072e-11,2.7135486566076672e-11,8.480489555040549e-08,1.4397320668990687e-08,0.05378826707601547,0.05378827322766434,-0.006936876299561283,0.11632799855496925,-0.06443791452295257,0.060861952989516216
9,2,0.42183277010917664,0.11368031799793243,0.5780413746833801,0.8844701051712036,3.600210263243753e-08,2.0918308862860613e-08,0.3080512285232544,0.308051172474158,0.22014594302828053,0.39283687718696003,-0.09500617761411066,0.09278361970592992
9,3,3.3019034617609577e-06,3.2810703487484716e-06,1.579089001779721e-07,1.6907608824112685e-07,0.012632750906050205,0.027392251417040825,0.060804903507232666,0.06080481430045681,0.01811768767551711,0.1037659677993591,-0.04184207073300909,0.043595087896296625
9,4,0.19085128605365753,0.3068189024925232,0.8090348839759827,0.6801964640617371,8.929108844313305e-06,0.0005161373992450535,-0.12289571762084961,-0.12289574477503085,-0.20346417319047636,-0.04319938780763301,-0.07789488991436305,0.08067319486836043
9,5,0.6707897186279297,0.18180495500564575,0.006942399311810732,0.23825906217098236,2.88958108285442e-05,7.752951205475256e-05,0.5009952783584595,0.500995308527544,0.4231707266417854,0.5787093548529368,-0.0944366053965439,0.09863294056044039
9,6,0.3099394738674164,0.15398827195167542,0.6083937287330627,0.7425662875175476,0.0034836186096072197,0.024939684197306633,0.1516343355178833,0.15163433389898273,0.07548009332156756,0.23173048360553597,-0.08422023197368629,0.081899386917938
9,7,0.07479504495859146,0.08084650337696075,0.45757293701171875,0.47877568006515503,0.004958366975188255,0.01197834499180317,-0.039989173412323,-0.03998924520306952,-0.10660252119481092,0.025233896787785096,-0.06423555860106381,0.0645983493766832
9,8,0.3110840618610382,0.39386120438575745,0.6051262021064758,0.5744642615318298,0.02502206154167652,0.005912275519222021,-0.06925946474075317,-0.0692595730743435,-0.16336361575054403,0.017881383329182314,-0.08955932379751823,0.09353814107627191
9,9,0.2575870156288147,0.24813219904899597,0.6919865012168884,0.7076865434646606,0.045041922479867935,0.03843822330236435,0.023633897304534912,0.023633901161202356,-0.06054624298986755,0.11107891135880593,-0.08332310067831182,0.08451318334288062
9,10,1.0041834919150006e-08,6.345834524523752e-09,2.9501092679851126e-09,1.0738120392872474e-09,8.599370175943477e-07,7.009884939179756e-07,0.06722956895828247,0.06722955928784308,0.009690290598882288,0.12414839945990655,-0.05802723245124089,0.05826500050862383
9,11,4.475610149417414e-13,2.6517495339307973e-13,1.1796168208899616e-11,4.948852959374417e-12,5.6820475408114746e-11,1.2997736220654588e-10,-0.014890938997268677,-0.014890911196987513,-0.09074489337699607,0.06233704077720288,-0.08077049080272587,0.0800153046547819
10,0,0.06880548596382141,0.07821989804506302,0.33103814721107483,0.27077797055244446,3.616474714362994e-06,3.748669769265689e-05,0.030595600605010986,0.03059557200012164,-0.043581870351629325,0.10239377994902897,-0.07530232821839461,0.08116700495284926
10,1,1.767356479060963e-15,2.6820307483685818e-21,7.85899678668045e-11,6.10817322303027e-16,9.475262066659714e-16,2.6437842675234096e-20,-0.010013311170041561,-0.0100133111549576,-0.027604085581475025,0.00029631267985612167,-0.010902929550990112,0.010730362627585048
10,2,8.664385721130517e-21,5.122796580406957e-21,3.938364012213736e-21,2.594737788636557e-20,5.362725234925198e-18,2.516054625228878e-17,2.20090115021776e-08,2.2009013157169623e-08,-9.27353732208901e-09,7.659670132258852e-08,-3.093700052957237e-08,3.099136559518441e-08
10,3,0.09897643327713013,0.021577266976237297,0.3903820812702179,0.5063551664352417,9.895287576000555e-07,3.522216866258532e-05,0.12441092729568481,0.12441091448180115,0.06624473855110709,0.18116348782580427,-0.059619055057141254,0.05832952223297427
10,4,2.302122270592122e-09,2.6489197120505015e-12,4.938602060633457e-08,2.0471293063484275e-11,2.199708947978052e-12,5.5781229380555755e-14,-0.06423146277666092,-0.0642314599257613,-0.1333076826294196,0.001185464184775389,-0.0712066925310232,0.06667969869346196
10,5,2.4870148990885355e-05,4.9776215746533126e-05,5.7173697314283345e-06,5.068445716460701e-06,0.00015433623048011214,0.00013312228838913143,0.11026665568351746,0.11026667336880847,0.06210022326756996,0.1574248117492132,-0.047841691475236925,0.04856269732521887
10,6,0.007233977317810059,0.0047508906573057175,0.028906311839818954,0.01620599441230297,0.0014778885524719954,0.008722709491848946,0.02516913414001465,0.025169090502996865,-0.05927098432570702,0.10538419801665047,-0.07935592071473742,0.08650614914725514
10,7,0.3258586823940277,0.0858469307422638,0.6741266250610352,0.914152979850769,2.518705513251951e-12,2.7953439910022304e-11,0.24001526832580566,0.24001528875769385,0.16306694844409175,0.3158803974571485,-0.08085453105916125,0.07886646556350359
10,8,2.1009890360801364e-07,5.822288484669258e-11,3.03689624558956e-08,3.7225786897465696e-09,0.0074455165304243565,0.003317896742373705,0.03150321543216705,0.031503190828360714,-0.04451974968106264,0.10591432040688166,-0.07506000049045522,0.07320247870496009
10,9,1.8433241599780104e-09,6.111194328362046e-10,2.040503233047275e-08,3.4747384969335826e-09,1.367652799899588e-07,1.0895574575897626e-07,-0.030249178409576416,-0.030249251219213194,-0.09166596891090961,0.02903226709306577,-0.05865176431396409,0.061067315417312376
10,10,1.9206412849026577e-10,1.254399819572427e-07,1.2971297369546164e-09,6.122573115163732e-09,1.2653987857547122e-09,9.061924127751197e-11,-0.0965673178434372,-0.0965673103383797,-0.164335851234932,-0.031424968430694894,-0.06944114849012324,0.06912916377997884
10,11,0.019965656101703644,0.014943888410925865,0.019389932975172997,0.028981070965528488,0.014277288690209389,0.013560927473008633,-0.0446813702583313,-0.04468138289960952,-0.14035314845930594,0.049317202319359044,-0.09436098960479337,0.09541489001404364
11,0,7.517149219417689e-22,1.2288934503872995e-22,2.699728290180151e-25,2.0105597311602512e-24,4.6152724654177635e-15,1.3557678471640827e-13,1.7405872750064777e-12,1.740587159912313e-12,-5.288166577593887e-13,5.706873565099177e-12,-2.2870214921206092e-12,2.303646843106335e-12
11,1,2.1575980789722814e-37,1.7965115749871781e-34,1.1315493173628419e-31,1.7767485188167933e-35,4.90454462513686e-44,5.400604281507845e-42,-1.131371629928458e-19,-1.1313717571806824e-19,-2.942961639455448e-19,8.654494990107424e-21,-1.2416781653938766e-19,1.2422853791893124e-19
11,2,6.6008046985339965e-28,6.897843512380864e-26,1.3396273071572385e-22,4.482863317365904e-25,1.7295893984255258e-26,8.791466274692355e-25,-1.3351444949627478e-10,-1.3351444674369736e-10,-3.994145713131559e-10,5.7505966055835214e-12,-1.4106011292746578e-10,1.405905477438441e-10
11,3,2.1641102772735995e-38,9.906396536675206e-38,8.878167656280355e-30,7.772108105426676e-28,2.28110127804638e-27,5.54828716171078e-27,7.683326279656207e-16,7.683326348578326e-16,-5.560709607718132e-17,2.3453671024529332e-15,-8.277712938921296e-16,8.256642997593134e-16
11,4,2.643899821297424e-10,2.0202855230758154e-13,1.4952959703773416e-10,1.1060870101775588e-11,1.1369915853265411e-07,7.125178740352567e-07,0.01115533709526062,0.011155337014617295,-0.036429707895444925,0.06243306274025441,-0.05138583378512476,0.049502418209372755
11,5,0.0,0.0,0.0,0.0,0.0,0.0,0.0,0.0,0.0,0.0,0.0,0.0
11,6,4.8897657291380966e-30,2.546335879347275e-32,8.839555770160929e-31,1.2338056884903077e-31,2.6596358914932813e-19,6.299363258742038e-21,-7.605750473532805e-19,-7.605749979310164e-19,-2.268930345222215e-18,1.0403138930460695e-19,-8.825417653738798e-19,8.958099885061439e-19
11,7,1.4749083923961068e-38,1.0048641222750047e-39,1.1715714139329066e-33,1.6423299892287546e-29,1.0724664223369055e-21,1.0176393524901458e-20,1.6422129197578566e-17,1.6422129856075874e-17,-1.2194201505369625e-18,5.017070934382724e-17,-1.7626706803699316e-17,1.7642180343106626e-17
11,8,2.2739736809523952e-26,6.572645884047173e-24,8.467397530965939e-26,1.1774671049384477e-28,6.127506237199369e-18,5.265705117481277e-19,-8.455622947699595e-14,-8.455622536307871e-14,-2.5597532790726153e-13,4.8318865200698e-15,-8.991889907744717e-14,9.068322319434416e-14
11,9,7.44992535170946e-27,1.9508491908257977e-28,6.920151635963899e-26,9.883423732918252e-28,8.532347949863052e-24,3.3863334259670126e-23,-6.82131692168568e-14,-6.821317358536326e-14,-1.8545500794883957e-13,3.778984182215421e-15,-7.303511414613582e-14,7.312720629654997e-14
11,10,4.1069595602193e-31,1.2672009834120698e-32,1.506074883139147e-19,9.753229855114671e-22,1.9018225400129564e-26,9.86356078540005e-25,-1.496321573313253e-07,-1.496321598579195e-07,-4.634263499733676e-07,1.0676241489431754e-08,-1.612868349877043e-07,1.6228067531592755e-07
11,11,3.2793907580398783e-16,2.6335618053181277e-15,1.3887199468824085e-17,3.616594111120672e-18,2.8401508922470953e-10,9.569042780377401e-11,-1.0270604434481356e-05,-1.0270604880491383e-05,-3.813746876738639e-05,5.7216954438113046e-06,-1.637067112855293e-05,1.5983619874747773e-05
