model,checkpoint,n,behavioral_overwrite_minus_control,behavioral_bootstrap_low,behavioral_bootstrap_high,behavioral_signflip_p_lower,read_ratio_overwrite_minus_control,read_ratio_bootstrap_low,read_ratio_bootstrap_high,read_ratio_signflip_p_lower,qk_overwrite_minus_control,qk_bootstrap_low,qk_bootstrap_high,qk_signflip_p_lower
Pythia-160M,tau2,144,-2.2625016106499567,-2.475622547997369,-2.0650747193230523,0.000999000999000999,-0.18804136705818386,-0.21019512852858757,-0.16655087433373073,0.000999000999000999,-0.31821523254773826,-0.35263268942146375,-0.2860255550726168,0.000999000999000999
Pythia-160M,tau3,144,-3.6771168178982205,-3.991973114013672,-3.3742277357313366,0.000999000999000999,-0.11792285074614213,-0.1331216348180847,-0.10372753091267625,0.000999000999000999,-0.43005057728980084,-0.4590569306258385,-0.39958063216616696,0.000999000999000999
Pythia-160M,tau4,144,-2.323574913872613,-2.6253697289360893,-2.007909573449029,0.000999000999000999,-0.19077338103763808,-0.21275731670174058,-0.16890026613925874,0.000999000999000999,-0.3189094312167996,-0.34308135130868117,-0.293743452518072,0.000999000999000999
Pythia-160M,tauQ,144,-4.010538313123915,-4.273515150282118,-3.753613090515137,0.000999000999000999,-0.27452560772237866,-0.303995964869816,-0.2483690326071989,0.000999000999000999,-0.504068856040202,-0.5368336625559461,-0.4697379371125847,0.000999000999000999
Pythia-1.4B,tau2,144,-1.7018229166666667,-1.8728407118055557,-1.5451280381944446,0.000999000999000999,-0.2220942387898159,-0.2408557997258626,-0.2024567369183265,0.000999000999000999,-0.27595028115950876,-0.31565163697824417,-0.23563737542718416,0.000999000999000999
Pythia-1.4B,tau3,144,-2.4735243055555554,-2.6697374131944445,-2.280805121527778,0.000999000999000999,-0.2593692425190908,-0.28087208822063536,-0.23881766387779527,0.000999000999000999,-0.3048922495138895,-0.3469502052381789,-0.2622162497072772,0.000999000999000999
Pythia-1.4B,tau4,144,-1.05078125,-1.2734375,-0.8185655381944444,0.000999000999000999,-0.2482754270354457,-0.2691386694965253,-0.22727723829965513,0.000999000999000999,-0.24976513996277372,-0.2910891486172581,-0.2066300846140464,0.000999000999000999
Pythia-1.4B,tauQ,144,-1.64453125,-1.8789605034722223,-1.412738715277778,0.000999000999000999,-0.28666213815541153,-0.30754256721245576,-0.2655339710492187,0.000999000999000999,-0.2862766080087859,-0.3249365191486177,-0.24614125058255545,0.000999000999000999
Qwen2.5-1.5B,tau2,144,-1.6848958333333333,-1.9322916666666667,-1.4487847222222223,0.000999000999000999,-0.3539320062227498,-0.39773575671684186,-0.31055765542762853,0.000999000999000999,-0.35414356339077574,-0.39818676784311213,-0.306179649628392,0.000999000999000999
Qwen2.5-1.5B,tau3,144,-4.762152777777778,-5.074674479166666,-4.453949652777778,0.000999000999000999,-0.5067470779527006,-0.5513565881175319,-0.45991478940262753,0.000999000999000999,-0.5110792927589627,-0.5577943795864067,-0.4644910673075594,0.000999000999000999
Qwen2.5-1.5B,tau4,144,-3.3081597222222223,-3.605078125,-3.018207465277778,0.000999000999000999,-0.5061334054133935,-0.5480531426013183,-0.4646908027019371,0.000999000999000999,-0.5183463236330919,-0.5571353675376507,-0.4764765082477798,0.000999000999000999
Qwen2.5-1.5B,tauQ,144,-4.395833333333333,-4.691851128472222,-4.1145616319444445,0.000999000999000999,-0.5971240124063729,-0.6331234373764802,-0.5609357290727006,0.000999000999000999,-0.5805197227969541,-0.6182172252616434,-0.5421004954600681,0.000999000999000999
Qwen2.5-7B,tau2,72,-0.5733506944444444,-1.4583441840277778,0.2717230902777777,0.0919080919080919,-0.29056939436338364,-0.34898218331380465,-0.22673317847512467,0.000999000999000999,-0.2891958175138233,-0.35198671345894866,-0.22919323615813542,0.000999000999000999
Qwen2.5-7B,tau3,72,-3.9696180555555554,-5.08478732638889,-2.9181423611111126,0.000999000999000999,-0.34241383789355034,-0.4070839252612536,-0.2786172828954548,0.000999000999000999,-0.347228427891342,-0.41306040621540036,-0.2782121178599881,0.000999000999000999
Qwen2.5-7B,tau4,72,-3.0034722222222223,-3.9970594618055553,-2.018565538194445,0.000999000999000999,-0.4791402144778658,-0.5290456787297195,-0.43038371239793205,0.000999000999000999,-0.4908763115433375,-0.540541013425409,-0.44466822511632065,0.000999000999000999
Qwen2.5-7B,tauQ,72,-5.435329861111111,-6.842599826388889,-4.200944010416666,0.000999000999000999,-0.581359906783895,-0.6294311386027301,-0.5373336248761138,0.000999000999000999,-0.562805879578685,-0.6072079568057648,-0.5167647951814127,0.000999000999000999
Llama-3.1-8B,tau2,72,-3.1866319444444446,-3.6059027777777777,-2.788172743055556,0.000999000999000999,-0.26367761418496455,-0.29984954535957775,-0.22749723625893675,0.000999000999000999,-0.2691811624056769,-0.3059915256603777,-0.23460453246359683,0.000999000999000999
Llama-3.1-8B,tau3,72,-3.5243055555555554,-3.9479383680555555,-3.1432291666666665,0.000999000999000999,-0.2683677204162944,-0.3070277626698366,-0.22979417556129358,0.000999000999000999,-0.2704005264056655,-0.3077301614908437,-0.23159453330627522,0.000999000999000999
Llama-3.1-8B,tau4,72,-3.1536458333333335,-3.5894097222222223,-2.747352430555556,0.000999000999000999,-0.3598271541336684,-0.39066437854306435,-0.3276459663095326,0.000999000999000999,-0.37029152314142816,-0.4001301269880597,-0.34099022211364133,0.000999000999000999
Llama-3.1-8B,tauQ,72,-4.362847222222222,-4.862022569444445,-3.900173611111111,0.000999000999000999,-0.43491137320307593,-0.4643577837811543,-0.40705706412702564,0.000999000999000999,-0.393567837487564,-0.4207853468682095,-0.36206223442430113,0.000999000999000999
Gemma-2-2B,tau2,144,-0.4479166666666667,-0.7153211805555556,-0.20045572916666704,0.001998001998001998,-0.42644768704059205,-0.487352931888317,-0.3651269337888622,0.000999000999000999,-0.4323900658165192,-0.4938952770449528,-0.36737330338308244,0.000999000999000999
Gemma-2-2B,tau3,144,-0.9930555555555556,-1.2404730902777776,-0.7456380208333334,0.000999000999000999,-0.5140199092931281,-0.5816829909576351,-0.4489118584129767,0.000999000999000999,-0.5190846013555789,-0.5872063969297919,-0.4484798295746864,0.000999000999000999
Gemma-2-2B,tau4,144,-0.8151041666666666,-1.0529947916666667,-0.5694444444444444,0.000999000999000999,-0.5059820226690687,-0.5477505830709306,-0.46141465246507696,0.000999000999000999,-0.513303149655336,-0.5582579506079547,-0.4705523052219396,0.000999000999000999
Gemma-2-2B,tauQ,144,-1.0052083333333333,-1.2066406250000001,-0.7985243055555561,0.000999000999000999,-0.5101261576604921,-0.5590379275559485,-0.464106201416964,0.000999000999000999,-0.5165739014960421,-0.5652992766089888,-0.4698677871641288,0.000999000999000999
