rank,layer,head,discovery_recovery,evaluation_recovery,evaluation_ci_low,evaluation_ci_high
1,8,10,0.38024777230206463,0.356024704424019,0.2311521950517334,0.4562328147137258
2,8,2,0.1986537917406793,0.18927056104913673,0.14980849161635723,0.22885302323342288
3,10,7,0.11588590955645617,0.10323096941666174,0.06993325637149118,0.1437598646625084
4,3,3,0.09415889859158524,0.040022007812466065,0.015016731662874424,0.06483103891270804
5,8,8,0.06291686763660066,0.04811586744957328,0.028639879569523984,0.06284770872377451
6,6,8,0.0553025679939321,0.06930197089934033,0.04986414612298271,0.0970622298227511
7,10,1,0.052472237279582126,0.06859528837333745,0.045801328896434616,0.09193734670374742
8,8,11,0.04664199971722862,0.05858954914341483,0.04592695311946707,0.07166108521782712
9,5,0,0.0442098574270963,0.05944065019776772,0.03920086720051785,0.08134007782696352
10,9,2,0.0320865671348467,0.03501062739851583,0.0247122789073924,0.045633772797114315
11,5,6,0.027587261171006384,-0.00702897117697799,-0.01457729377341664,0.0004000273107280884
12,6,7,0.02610480354899644,0.04756761082337927,0.0053914864387425475,0.10248754058493398
13,4,7,0.024132532914378543,0.026636554451199695,0.018035298922655426,0.03713050097477533
14,5,1,0.02184699699485229,0.019355292480536124,0.01173367840458614,0.027821055043686805
15,9,6,0.01992557316102597,0.028261875191545133,0.02110706579068891,0.03609306387837306
16,4,1,0.01960526080284973,0.012022769096648718,0.0009509110013625895,0.023386169403284626
17,9,8,0.017494849499837994,0.018537603099646978,0.013646289021534933,0.023707551877572435
18,3,7,0.01739051067997414,0.009836004501969866,-0.0004323100902818104,0.02119757915621179
19,7,11,0.015303425460218267,0.004259370554121399,-0.021402627249816758,0.026632503587659846
20,7,10,0.014847900559596162,0.008288357185758505,-0.0037802925361752103,0.02821564393016533
21,9,7,0.014274852270821746,0.02054609001408019,0.013988637356852667,0.028444058881916
22,9,9,0.013531567130236748,0.022974467260723008,0.016867716361392743,0.03044912170982683
23,2,4,0.013250795798303005,0.0018662215210917918,-0.003726753064655528,0.007541316185534602
24,7,0,0.012052838111516546,0.010129702875661596,0.005806605562897781,0.014691926695547673
25,9,4,0.011359793383549617,0.01324034263053333,0.004973955128662682,0.022986320199922642
26,6,3,0.010503159788585525,0.006250515370923833,-0.006173334737916297,0.020876598091943605
27,5,5,0.010451698665006946,0.006030355111516133,-0.004021654357235602,0.01547238745642636
28,6,2,0.009597011665120942,0.023426672024797306,0.006039256169469018,0.0421000603123943
29,7,6,0.007993865837030201,0.009662444379513933,0.00039402073572315067,0.0213397533479216
30,4,4,0.00795957833804866,0.00859599525562057,0.004286593811865898,0.013661584944459727
31,8,9,0.007750153297606675,-0.004587110036024333,-0.011932967323289414,0.001465249973906201
32,10,3,0.007453596383912877,0.0038110795535676897,0.00038755032178965467,0.006878003933293667
33,5,2,0.006726440387880683,-0.00346897245818553,-0.010157278776853382,0.00248785730077739
34,5,4,0.006505948023276505,0.0034548464689917982,0.0014940976483924727,0.005195555442808186
35,6,10,0.006443770178542387,-0.002101944520480188,-0.011151928406078338,0.008728815800180248
36,11,0,0.006198513383632898,0.006131474171997285,0.00484508871870003,0.007374906358483211
37,3,8,0.004993814686584023,0.004519091993621017,-0.0069640291777263285,0.015316829118151732
38,2,0,0.004228966723426836,0.004179459033762927,0.0017685109055528845,0.006813353742241111
39,0,11,0.0037903723280542172,-0.0048183792875709265,-0.010534558809536352,0.001117995302752603
40,5,7,0.003751665772452293,0.0034223836897598024,-0.0002673697040051139,0.007168095871821029
41,5,8,0.003443663085893738,0.005048830459088071,-0.0050740781018091445,0.01619407862347768
42,1,8,0.0032773114123739507,0.0011459356486614059,-0.0008315439906996841,0.003947871908139159
43,4,6,0.0025997818621321077,0.0035075887422805208,-0.0027662983532326475,0.010156126590677822
44,11,1,0.002336240139484249,-0.0015068058426090792,-0.0036394214577643415,0.00028865048839417406
45,0,5,0.0023034269582051033,-0.000395236031936565,-0.0021711998862854035,0.0011960362005616694
46,1,11,0.001983629215752588,-0.0012447897578345226,-0.0032968317806141073,0.0004433589047949262
47,0,3,0.0019077786075864924,0.00228485535323002,0.0009319678326526644,0.003939600220561249
48,3,0,0.0018636923863957358,0.003714549224719393,-0.00020264550124633545,0.007713402655412358
49,7,5,0.0017459149309090262,-0.004306728385193901,-0.008803461269716033,-0.0006041603167826117
50,3,1,0.001617127602101294,-0.002267118957147849,-0.004184887316049755,-0.00028776950158536276
51,1,6,0.0013101447216960127,0.0017084071744955585,-0.0007276292137018737,0.0037860777700423317
52,2,7,0.0009075651165786535,-0.0008636589103720757,-0.0023390077635669273,0.0005252621452771068
53,2,1,0.0007794621070885344,-0.0014169577158321502,-0.002858136930654888,-0.0001807883647561325
54,10,5,0.0007208272024875798,2.116158897386557e-07,-0.0009401210718946335,0.001045390454782154
55,6,0,0.0006494090135883296,0.00271183497215716,0.001418811668553975,0.004146338275002417
56,2,9,0.0006116021282822618,0.0006815782804628426,-4.84789859159251e-06,0.001468480510087642
57,0,2,0.0005450653104746866,-0.00027273061006146315,-0.0006167573428417323,3.619515576401241e-05
58,6,1,0.00037738937485409335,0.0007335533412672968,0.00021225399266256353,0.0013275801000610702
59,10,11,0.00035624910156354024,0.00020384322213049818,-7.78689647632878e-05,0.0005827609183331582
60,9,3,0.00029020148275679306,-0.00237327431312065,-0.005173453684901067,-0.0002534154419057703
61,10,6,0.00023784938375054305,0.00014933750034548418,-1.827188887330037e-05,0.0004017172177362392
62,10,0,0.00021235566885501088,-0.00024437801111209764,-0.0010335885667446523,0.0004640859840632757
63,10,2,0.00020111343585690872,3.642566299137011e-05,-0.00021760566372608844,0.00031245532923990764
64,11,11,0.00012792085760034643,0.0002313526755015233,-0.0005188056310410287,0.0009775089204162167
65,0,0,0.0001262430331842126,5.478091069835043e-06,-0.000114463095194391,0.0001290188312506508
66,0,7,9.621019813789405e-05,-3.715329486687518e-07,-0.00012086701505437431,0.00011881954379655882
67,0,8,9.286774253475248e-05,-9.973218690643639e-06,-0.00014246005883659734,0.00011157325534011675
68,6,4,8.123023524155077e-05,-0.00039039449654708347,-0.0010453701880873006,7.901152968629022e-05
69,6,9,5.2635916607055644e-05,-5.578270137268764e-05,-0.00021242927906320322,9.371458159728534e-05
70,10,8,3.4789253069369404e-05,2.366508149913288e-05,-6.705478118493152e-05,0.00011745611276038811
71,8,5,2.591198062224668e-05,0.0001543652942708715,-0.00041008002273221255,0.000988833740044413
72,11,9,2.0534402638213003e-05,-0.0006897215713543274,-0.0017153384562170503,0.00015205297968814068
73,11,8,0.0,3.1452517199405734e-06,-2.066566814716962e-06,1.2166236232667164e-05
74,11,10,0.0,0.0,0.0,0.0
75,11,6,-4.87139011026884e-07,-4.849152701903259e-06,-1.7459027998877715e-05,2.9115698931679384e-06
76,11,2,-1.0309989298999814e-06,9.787781683559817e-07,-1.0244769930439578e-06,2.942420009488454e-06
77,10,4,-2.9209760037460403e-06,0.00031749268994021743,1.9418755597235167e-05,0.0007629612142153795
78,8,4,-3.4975303058632533e-06,-9.411801966995171e-05,-0.00016761076468084973,-2.4854230994533068e-05
79,10,9,-7.410724178030571e-06,-4.442736760131106e-05,-8.742013990294285e-05,-3.012162489905647e-06
80,11,5,-1.0390735837176673e-05,2.8495543302569025e-06,-4.068889788214432e-06,1.0845268816173821e-05
81,11,3,-1.0591786335524632e-05,-7.972902232132679e-07,-6.503222351269623e-06,4.792638211654147e-06
82,10,10,-1.1510881466704337e-05,-2.572187484670749e-06,-2.12028162546206e-05,1.755146194259955e-05
83,11,7,-1.4649910362786504e-05,-0.0003129755370089871,-0.0012245756283072089,0.0002890825885601093
84,1,1,-1.5444303197154232e-05,-0.0005691747462589121,-0.000984113361869032,-0.00019858849657815054
85,11,4,-1.867814540335445e-05,-7.964956565141464e-06,-1.6269779380306583e-05,-4.0774434221627186e-07
86,9,10,-4.9438117386709494e-05,1.6197315717027965e-05,-7.779811568099395e-05,0.00010634766725759407
87,0,1,-5.851346718990632e-05,0.003813844063261972,0.0009412034826189519,0.008473988139996873
88,8,6,-6.849402619916767e-05,-7.6576823385593e-05,-0.00014221320489927553,-2.2759896454293668e-05
89,7,1,-0.0001221844835958016,3.166563961434814e-05,-0.00012496932142920606,0.000226668963386647
90,2,5,-0.00018247545952193022,0.0002011164282129237,-0.000738197896736161,0.001444178869367892
91,8,0,-0.00018524633335477637,-3.9932869963757184e-05,-0.00017411239292203218,0.00010082068730213758
92,9,0,-0.0002697024644021353,0.00012195806109824464,-1.2320857364406417e-05,0.00027806162111726663
93,3,9,-0.0005764368633381415,-0.000102031489207484,-0.0007654870088569964,0.0006183115979304391
94,4,2,-0.0006553418031037008,-0.004524866895427583,-0.00725802733493956,-0.0018907549351556152
95,1,10,-0.0006862943931316084,9.359864121734125e-05,-0.0005355409534161952,0.0008484191621741116
96,8,3,-0.0007615430945709075,0.0001007136804313116,-0.0006348955176529019,0.0009138235202853317
97,0,4,-0.0008222436812227459,-0.00015512407007473424,-0.0008660630853645129,0.0004946745590183442
98,3,10,-0.0008946693344122575,-0.0018709013876297411,-0.004585357655996407,0.0007042501232668182
99,0,6,-0.0009390805221415581,-0.0006038648333808349,-0.0010568506886648758,-0.00019381517820892796
100,0,9,-0.0010405022681179215,-0.0012612854809019342,-0.002221737338809828,-0.0003137472183642525
101,4,5,-0.0015204841353693736,-0.001504506339869935,-0.0036376650959351457,0.0005703266515278428
102,2,10,-0.0018691016678530654,-0.007759798862288686,-0.01095761788587558,-0.005094735190134819
103,4,0,-0.001876004694495927,-0.0008301506407913177,-0.0015244084636002353,-0.0002665102634953519
104,1,0,-0.002016409485279089,-0.004117931390627821,-0.006739561363692676,-0.001943672237443397
105,1,3,-0.0021956078255989373,-0.002670588363034176,-0.004511484052744387,-0.0010401253359478076
106,7,2,-0.002224431134214566,-0.002009487257219051,-0.004845115139352657,0.001224150915389787
107,9,11,-0.002746358602264342,0.0011495757263368584,-5.647815016773601e-05,0.003513898098095799
108,1,7,-0.0030397246680515604,-0.0027166709767961106,-0.004409587405613759,-0.0013068072493624895
109,2,11,-0.0032912186536153947,-0.0029509320491195386,-0.0045194704179548385,-0.001631079103242701
110,8,1,-0.0036535807431547036,0.017060491768434456,0.009023209291398455,0.0264344878445757
111,4,3,-0.003924014995499021,-0.0005789431990458305,-0.004254425560869222,0.0029842222192840097
112,2,2,-0.004006969175922871,-0.0036444571999924543,-0.005400084554252882,-0.0019053730009020496
113,3,5,-0.004157441948487945,0.005346671089568914,0.0016856345757316218,0.0098454674474516
114,1,4,-0.004339495453760453,-0.0035522309232524094,-0.006388681351047117,-0.0012759972397287844
115,7,3,-0.004440187415380171,0.0010178821836053136,-0.0018746137573153185,0.004379882152204045
116,1,5,-0.005061382868032761,-0.0032973528428875518,-0.004517128917155052,-0.002159812984649126
117,4,9,-0.005672482082900603,-0.007187564693454634,-0.01175065206150153,-0.0029765197952184475
118,3,11,-0.005803829127780737,-0.011410160084422244,-0.016870734613459608,-0.007419485933024338
119,5,10,-0.00637785065522963,-0.007761526432007375,-0.014462603592690053,-0.0015769778933519573
120,0,10,-0.0064761961394610495,-0.004846927727937267,-0.007010914645210014,-0.0028409621362948537
121,7,8,-0.008671617210536981,-0.0035187943555020813,-0.010100586353752192,0.0030361667020086724
122,3,4,-0.009909808842563613,0.0031029883022196513,-0.0034682465392092787,0.010282424633615249
123,4,10,-0.010042684099148488,0.018829436103740674,0.007146506406655664,0.032026752540421775
124,2,8,-0.01183760249906663,-0.004873648973091963,-0.008767107113894952,-0.001454890068325089
125,7,9,-0.012262776112527188,-0.015289949874870989,-0.025401939497868054,-0.005527791778946729
126,2,3,-0.012269292080796041,-0.010720979077888913,-0.01799233215736484,-0.004895962805893253
127,1,9,-0.01249646880686548,-0.009246934629529073,-0.013663586919705388,-0.005359055108091152
128,7,7,-0.0130102718446004,-0.007410823261421658,-0.021763766837735666,0.002885007147596404
129,4,11,-0.0156575617469379,-0.016590675427527235,-0.032415886182719136,-0.00505854228057744
130,7,4,-0.01619674970164844,-0.023061457822227224,-0.03904193786041845,-0.005488840526072438
131,3,2,-0.016849321149263827,0.0033366673213892917,-0.0018518776363704763,0.009552955407540321
132,8,7,-0.0184419581856459,-0.03235421957595734,-0.06422667605687153,0.0067644591585089755
133,6,6,-0.02272391361028046,-0.011876186865430372,-0.020968433471170528,-0.003534529042476229
134,2,6,-0.025119285504914192,-0.012965903209511994,-0.022066650689913613,-0.004388969752633659
135,1,2,-0.025564603068709207,-0.01812833646745387,-0.03312730135108061,-0.005034027523878388
136,5,3,-0.028665308910202657,-0.03129730163254013,-0.047249618576318486,-0.018793375318749337
137,5,11,-0.038007063769843044,-0.035740459292618515,-0.05537239177174774,-0.016203558300892287
138,3,6,-0.04143520589826984,-0.03415256586864833,-0.051447745057572006,-0.021166864613910232
139,6,5,-0.054084098626729464,-0.0673499840959194,-0.1273557707172641,-0.027687858145951993
140,6,11,-0.056371400916625944,-0.07559473378840688,-0.11867511342055115,-0.04299554663053744
141,5,9,-0.06654706096615569,-0.03596418144930064,-0.06691912174897711,-0.00787127771529041
142,9,1,-0.07491152228752358,-0.09756165615664664,-0.13150539201595637,-0.06614438968180399
143,4,8,-0.0963163273320348,-0.06336220213873314,-0.08786612418132254,-0.04181667300496918
144,9,5,-0.11517353449420194,-0.07364411854269248,-0.11341626580679653,-0.02506591690553048
