layer,head,label,n,qk_latest_margin_mean,qk_position_slope_mean,current_attention_mean,stale_attention_sum_mean,current_ov_copy_margin_mean,stale_ov_copy_margin_mean
8,10,correct_current,48,1.695852279663086,2.264918680055677,0.752670074502627,0.24718229019587548,0.6700256206095219,0.624118096777238
8,10,within_stale,48,-0.2591654459635417,1.7197274580325086,0.39759703058128554,0.6019031560669342,0.6373686314715693,0.617972737760283
8,2,correct_current,48,1.8624051411946614,2.6648811681341034,0.5724931805801816,0.3126996577487873,0.20001551023839662,0.17834577742420757
8,2,within_stale,48,-6.310809135437012,-0.0339446447026599,0.08248425374786578,0.5999969502687842,0.18466706053974727,0.18022496852790937
10,7,correct_current,48,-2.688746134440104,1.106622400276873,0.3013741570905525,0.6986258071168171,0.12925090858091912,0.1324644125221918
10,7,within_stale,48,-6.853350321451823,0.07512542000849264,0.06870830402225984,0.9312916334844582,0.09967262173692386,0.15480217283281186
3,3,correct_current,48,0.7309799194335938,0.9610571209402065,0.0021354169852732716,0.0015005414142782076,-0.03904092125594616,-0.03862792323343456
3,3,within_stale,48,0.40777587890625,0.868542832844965,0.0017657848454367315,0.001287920811478216,-0.04574845234553019,-0.03593467897735536
8,8,correct_current,48,0.05850664774576823,2.0901820046186863,0.4531466108558367,0.47178936425521495,0.023408474090198677,0.02632811029131214
8,8,within_stale,48,-4.904009501139323,0.7200200810475339,0.14934708385845039,0.7464797023315745,0.03506921099809309,0.024181689776014537
6,8,correct_current,48,1.1771555989980698,0.893484764596317,0.018125056298837688,0.010536493093241006,-0.05543324879060189,-0.047994666577627264
6,8,within_stale,48,1.2600747297207515,0.9023572079605987,0.020564975963983063,0.010410873413396379,-0.04038669293125471,-0.050838713689396776
10,1,correct_current,48,-4.2540028889973955,-0.16305377133824714,1.7349832572711748e-19,1.2667380485617615e-15,-0.03656299660603205,-0.030087471551572282
10,1,within_stale,48,-4.373423258463542,0.69112379709353,8.056028297872793e-24,2.6127249402638926e-20,-0.03305024281144142,-0.03095948277041316
8,11,correct_current,48,-0.3361307779947917,2.038628901129576,0.32369565345228085,0.4261101339203985,0.06574604252818972,0.05772702689864673
8,11,within_stale,48,-9.485158284505209,-0.1674976451298015,0.020131451133583788,0.7535328804078745,0.052741947351023555,0.06217703243601136
5,0,correct_current,48,-0.9140491485595703,-0.29181812550698266,0.040374823089223355,0.20960770547389984,0.6742698003848394,0.6427428868288795
5,0,within_stale,48,-0.8986644744873047,-0.2806588088939032,0.043144573942602925,0.20495456534748277,0.6280516246333718,0.6726722056046128
9,2,correct_current,48,-1.9907989501953125,3.381267179313704,0.3305593311076424,0.6693942876718104,0.04744114393057922,0.051026822853600606
9,2,within_stale,48,-10.78082307179769,1.4064995202211215,0.07109687957129028,0.9284513394134896,0.024450249193857115,0.06519907543164057
5,6,correct_current,48,-2.822357177734375,0.45060793951419725,0.000173595303508537,0.0008397493015872142,0.05082878889515996,0.07066746393684298
5,6,within_stale,48,-5.1590576171875,0.09733076250727253,9.059607693990498e-05,0.0023957121385120273,0.09368995840971668,0.07516244593231629
6,7,correct_current,48,-0.7433856738110384,-0.24907085492389558,0.01640926068648696,0.07126624063433458,-0.10293580793465178,-0.12555082375183702
6,7,within_stale,48,-0.6196095210810503,-0.22146911581738973,0.019357164322476212,0.07327501708641648,-0.1060317107476294,-0.14041112219759574
